{
  "assetsByChunkName": {
    "vendors~app-account~app-checkout~app-confirmation~app-order": "chunk.36d6f366dfc3895401fa.js",
    "vendors~app-account~app-confirmation~app-order": "chunk.979d5a1d8284016c9769.js",
    "vendors~app-account~app-checkout": "chunk.22bfa9704086b2ac8f48.js",
    "vendors~app-cart~app-checkout": "chunk.784e2295a8c4bf39820f.js",
    "admin": [
      "admin.1ada604815fce7199fff.js",
      "admin.1ada604815fce7199fff.js.map"
    ],
    "app-account": "chunk.74be0b01fb1f4abc81cb.js",
    "app-cart": "chunk.05ac62af1d1ec230d705.js",
    "app-checkout": "chunk.336235a9d85135e0c600.js",
    "app-confirmation": "chunk.40fa925ac2c8e935fe2b.js",
    "app-order": "chunk.0522465fc8801608072d.js",
    "checkout": [
      "checkout.eff44ed67c312a730c43.js",
      "checkout.eff44ed67c312a730c43.js.map"
    ],
    "storefront": [
      "storefront.47639c8d636d0ce45424.css",
      "storefront.a7e52af172bcb1f40808.js",
      "storefront.47639c8d636d0ce45424.css.map",
      "storefront.a7e52af172bcb1f40808.js.map"
    ],
    "vendors~app-cart": "chunk.f1556d952c801d751c93.js"
  }
}