{
  "meta_title": "",
  "meta_description": "",
  "sections": [
    {
      "type": "banner-slider",
      "autoplay": 4000,
      "full_width": true,
      "slides": [
        {
          "start": "",
          "end": "",
          "img": "/img/uploads/overtie-banner-full-1920x600-v1.png"
        },
        {
          "start": "",
          "end": "",
          "img": "/img/uploads/overtie-banner-full-1920x600-v2.png"
        }
      ]
    },
    {
      "type": "collection-shelf",
      "shuffle": false,
      "limit": 12,
      "page": 1,
      "sort": "sales",
      "title": "",
      "headless": true
    },
    {
      "type": "banners-grid",
      "banners": [
        {
          "img": "/img/uploads/overtie-categoria-500x500-complemente-seu-look-v1-01-1-.png"
        },
        {
          "img": "/img/uploads/overtie-categoria-500x500-conforto-e-versatilidade-v1-01-1-.png"
        },
        {
          "img": "/img/uploads/overtie-categoria-500x500-tecido-premium-v1-01-1-.png"
        }
      ]
    },
    {
      "type": "collection-shelf",
      "shuffle": false,
      "limit": 12,
      "page": 1,
      "sort": "sales",
      "title": "",
      "headless": true
    }
  ]
}